
INSERT INTO OAUTH_CLIENT_DETAILS (
	CLIENT_ID, 
	CLIENT_SECRET,
	SCOPE, 
	AUTHORIZED_GRANT_TYPES,
    WEB_SERVER_REDIRECT_URI, AUTHORITIES, ACCESS_TOKEN_VALIDITY, REFRESH_TOKEN_VALIDITY, ADDITIONAL_INFORMATION, AUTOAPPROVE)
VALUES (
	'cueva', 
	'{bcrypt}$2a$10$a.jUkhyX88ouqg4pNZk.ZOXRfjAlEDhwcyl35SifJzt6dKOH9tuAy', 
	'read,write',
	'password,authorization_code,refresh_token',
	null, null, 36000, 36000, null, true);
	
INSERT INTO LANGUAGE (LOCALE, MESSAGE_KEY, MESSAGE_CONTENT) VALUES
('en', 'profile.not.found','Profile {0} not found'),
('en', 'dashboard.not.found','Dashboard {0} not found'),
('en', 'NotBlank.flatmate.nickname','Nickname cannot be blank'),
('en', 'NotBlank.cashier.name','Name cannot be blank'),
('en', 'typeMismatch.cashier.started','Started must be a floating point value'),
('en', 'typeMismatch.cashier.balance','Balance must be a floating point value'),

('pt', 'profile.not.found','Perfil {0} n達o encontrado'),
('pt', 'dashboard.not.found','Dashboard {0} n達o encontrado'),
('pt', 'NotBlank.flatmate.nickname','Apelido n達o pode estar em branco'),
('pt', 'NotBlank.cashier.name','Nome n達o pode estar em branco'),
('pt', 'typeMismatch.cashier.started','Valor inicial deve ser um valor de ponto flutuante'),
('pt', 'typeMismatch.cashier.balance','Saldo deve ser um valor de ponto flutuante'),

('es', 'profile.not.found','Profile {0} not found'),
('es', 'dashboard.not.found','Dashboard {0} not found'),
('es', 'NotBlank.flatmate.nickname','Nickname cannot be blank'),
('es', 'NotBlank.cashier.name','Name cannot be blank'),
('es', 'typeMismatch.cashier.started','Started must be a floating point value'),
('es', 'typeMismatch.cashier.balance','Balance must be a floating point value');

INSERT INTO ACL_CLASS (ID, CLASS) VALUES
(1, 'br.com.cashhouse.core.model.Profile'),
(2, 'br.com.cashhouse.core.model.Dashboard'),
(3, 'br.com.cashhouse.core.model.Flatmate'),
(4, 'br.com.cashhouse.core.model.Cashier'),
(5, 'br.com.cashhouse.core.model.Transaction');

INSERT INTO USERS(ID, USERNAME, PASSWORD, ENABLED, ROLES) VALUES
				 (1, 'marcelo@mail.com',   '{bcrypt}$2a$10$YE3uTYrhiFaM45/m7uey/.DXWsodRKIIbAy01yUuf6rBkrveDpkFm', TRUE, 'ROLE_USER,ROLE_ADMIN'),
				 (2, 'biro@mail.com',      '{bcrypt}$2a$10$MKegvrrWaXTaX738UJPd0OUfdWhkZkjtY22kp8M/B0iSz7iRRFtsa', TRUE, 'ROLE_USER'),
				 (3, 'eduardo@mail.com',   '{bcrypt}$2a$10$nhTrA4G255bjzNkKaujUcu9jT1bN.yjcZFrLuLKgZO2YF1I.SAOfi', TRUE, 'ROLE_USER'),
				 (4, 'will@mail.com',      '{bcrypt}$2a$10$rDFf7Mlqx7YmK/X5WIFwHeKxL3.uy5f25ytwuH3hmBt5DcC3kanKu', TRUE, 'ROLE_USER'),
				 (5, 'aimee@mail.com',     '{bcrypt}$2a$10$eHRnl2pvUBaxPqYOjmsBPeR6tTNzB0e.Nc5Vv5jrfmV3AN6zFfbXW', TRUE, 'ROLE_USER'),
				 (6, 'carol@mail.com',     '{bcrypt}$2a$10$8qyxqXxTj/qnUgwoaQMTo.Kwbi39Lax0zqKV1gsg7LBrgbblTcRaO', TRUE, 'ROLE_USER'),
				 (7, 'rai@mail.com',       '{bcrypt}$2a$10$UevCJGhVFTL2qd3/CkwpaesNVPiwcg5v1pOUzkWlVKKiiaIpSr5TK', TRUE, 'ROLE_USER'),
				 (8, 'jean@mail.com',      '{bcrypt}$2a$10$lmO5lgXg4C4ZvyttDAnkoedLCnGCot1jzqkFIAPcKhuVd6I30ViAK', TRUE, 'ROLE_USER'),
				 (9, 'gretchen@mail.com',  '{bcrypt}$2a$10$Yt8w2iZBC1WsebwKw83Gse2AXOzFOBE9GPmgWOVvAuOaAdrL.ckMi', TRUE, 'ROLE_USER'),
				 (10, 'fernando@mail.com', '{bcrypt}$2a$10$Pa2xNvOt4IATUugPZoa2l.yj5G4U5vDPS12jp/EHMEPorRMH6KqCq', TRUE, 'ROLE_USER');

INSERT INTO DASHBOARD(ID) VALUES
					 ( 1),
					 ( 2),
					 ( 3),
					 ( 4),
					 ( 5),
					 ( 6),
					 ( 7),
					 ( 8),
					 ( 9),
					 (10);

UPDATE USERS SET DASHBOARD_ID = 1  WHERE ID = 1;
UPDATE USERS SET DASHBOARD_ID = 2  WHERE ID = 2;
UPDATE USERS SET DASHBOARD_ID = 3  WHERE ID = 3;
UPDATE USERS SET DASHBOARD_ID = 4  WHERE ID = 4;
UPDATE USERS SET DASHBOARD_ID = 5  WHERE ID = 5;
UPDATE USERS SET DASHBOARD_ID = 6  WHERE ID = 6;
UPDATE USERS SET DASHBOARD_ID = 7  WHERE ID = 7;
UPDATE USERS SET DASHBOARD_ID = 8  WHERE ID = 8;
UPDATE USERS SET DASHBOARD_ID = 9  WHERE ID = 9;
UPDATE USERS SET DASHBOARD_ID = 10 WHERE ID = 10;

UPDATE DASHBOARD SET OWNER_ID = 1  WHERE ID = 1;
UPDATE DASHBOARD SET OWNER_ID = 2  WHERE ID = 2;
UPDATE DASHBOARD SET OWNER_ID = 3  WHERE ID = 3;
UPDATE DASHBOARD SET OWNER_ID = 4  WHERE ID = 4;
UPDATE DASHBOARD SET OWNER_ID = 5  WHERE ID = 5;
UPDATE DASHBOARD SET OWNER_ID = 6  WHERE ID = 6;
UPDATE DASHBOARD SET OWNER_ID = 7  WHERE ID = 7;
UPDATE DASHBOARD SET OWNER_ID = 8  WHERE ID = 8;
UPDATE DASHBOARD SET OWNER_ID = 9  WHERE ID = 9;
UPDATE DASHBOARD SET OWNER_ID = 10 WHERE ID = 10;

INSERT INTO DASHBOARD_GUEST(ID_DASHBOARD, ID_PROFILE) VALUES
							(1, 2),
							(1, 3),
							(1, 4),
							(1, 5),
							(1, 6),
							(1, 7),
							(8, 9),
							(8, 10);


INSERT INTO FLATMATE(ID, NICKNAME) VALUES
					(1, 'Biro'),
					(2, 'Eduardo'),
					(3, 'Willian'),
					(4, 'Marcelo'),
					(5, 'Aimee'),
					(6, 'Carol'),
					(7, 'Raissa'),
					(8, 'Jean'),
					(9, 'Gretchen'),
					(10, 'Fernando');

INSERT INTO DASHBOARD_FLATMATE(ID_DASHBOARD, ID_FLATMATE) VALUES
							  (1, 1),
							  (1, 2),
							  (1, 3),
							  (1, 4),
							  (1, 5),
							  (1, 6),
							  (1, 7),
							  (8, 8),
							  (8, 9),
							  (8, 10);

INSERT INTO CASHIER(ID, NAME, BALANCE, STARTED) VALUES
						(1, 'Energy & bin', 32.54, 0.00),
						(2, 'Geral', 120.00, 23.00),
						(3, 'Rent & Clean', 3.11, 12.45);

INSERT INTO DASHBOARD_CASHIER(ID_DASHBOARD, ID_CASHIER) VALUES
							(1, 1),
							(1, 2),
							(8, 3);

INSERT INTO TRANSACTION(ID, FLATMATE_ID, CASHIER_ID, STATUS, ACTION, VALUE, CREATED_AT, UPDATED_AT) VALUES
(1, 1, 2, 'FINISHED', 'DEPOSIT', 12.33, TIMESTAMP '2020-05-18 06:46:37.12', TIMESTAMP '2020-05-18 06:49:05.572'),
(3, 1, 1, 'SENDED', 'WITHDRAW', 0.97, TIMESTAMP '2020-05-18 06:47:14.866', NULL),
(5, 3, 1, 'SENDED', 'DEPOSIT', 59.82, TIMESTAMP '2020-05-18 06:48:00.352', NULL),
(6, 3, 2, 'FINISHED', 'WITHDRAW', 11.87, TIMESTAMP '2020-05-17 06:48:10.765', TIMESTAMP '2020-05-18 06:48:49.864');

INSERT INTO DASHBOARD_TRANSACTION(ID_DASHBOARD, ID_TRANSACTION) VALUES
(1, 1),
(1, 3),
(1, 5),
(1, 6);

INSERT INTO ACL_SID(ID, PRINCIPAL, SID) VALUES
					(1, 1, 'system'),
					(2, 1, 'marcelo@mail.com'),
					(3, 1, 'biro@mail.com'),
					(4, 1, 'eduardo@mail.com'),
					(5, 1, 'will@mail.com'),
					(6, 1, 'aimee@mail.com'),
					(7, 1, 'carol@mail.com'),
					(8, 1, 'rai@mail.com'),
					(9, 1, 'jean@mail.com'),
					(10, 1, 'gretchen@mail.com'),
					(11, 1, 'fernando@mail.com');

INSERT INTO PUBLIC.ACL_OBJECT_IDENTITY(ID, OBJECT_ID_CLASS, OBJECT_ID_IDENTITY, PARENT_OBJECT, OWNER_SID, ENTRIES_INHERITING) VALUES
(1, 1, 1, NULL, 2, 1),
(2, 2, 1, NULL, 2, 1),
(3, 1, 2, NULL, 3, 1),
(4, 2, 2, NULL, 3, 1),
(5, 1, 3, NULL, 4, 1),
(6, 2, 3, NULL, 4, 1),
(7, 1, 4, NULL, 5, 1),
(8, 2, 4, NULL, 5, 1),
(9, 1, 5, NULL, 6, 1),
(10, 2, 5, NULL, 6, 1),
(11, 1, 6, NULL, 7, 1),
(12, 2, 6, NULL, 7, 1),
(13, 1, 7, NULL, 8, 1),
(14, 2, 7, NULL, 8, 1),
(15, 1, 8, NULL, 9, 1),
(16, 2, 8, NULL, 9, 1),
(17, 1, 9, NULL, 10, 1),
(18, 2, 9, NULL, 10, 1),
(19, 1, 10, NULL, 11, 1),
(20, 2, 10, NULL, 11, 1),
(21, 3, 1, NULL, 2, 1),
(22, 3, 2, NULL, 2, 1),
(23, 3, 3, NULL, 2, 1),
(24, 3, 4, NULL, 2, 1),
(25, 3, 5, NULL, 2, 1),
(26, 3, 6, NULL, 2, 1),
(27, 3, 7, NULL, 2, 1),
(28, 3, 8, NULL, 9, 1),
(29, 3, 9, NULL, 9, 1),
(30, 3, 10, NULL, 9, 1),
(31, 4, 1, NULL, 2, 1),
(32, 4, 2, NULL, 2, 1),
(33, 4, 3, NULL, 9, 1),
(34, 5, 1, NULL, 2, 1),
(36, 5, 3, NULL, 2, 1),
(38, 5, 5, NULL, 5, 1),
(39, 5, 6, NULL, 5, 1);

INSERT INTO PUBLIC.ACL_ENTRY(ID, ACL_OBJECT_IDENTITY, ACE_ORDER, SID, MASK, GRANTING, AUDIT_SUCCESS, AUDIT_FAILURE) VALUES
(1, 1, 0, 2, 1, 1, 0, 0),
(2, 1, 1, 2, 2, 1, 0, 0),
(3, 1, 2, 2, 4, 1, 0, 0),
(4, 1, 3, 2, 8, 1, 0, 0),
(5, 1, 4, 2, 16, 1, 0, 0),
(11, 3, 0, 3, 1, 1, 0, 0),
(12, 3, 1, 3, 2, 1, 0, 0),
(13, 3, 2, 3, 4, 1, 0, 0),
(14, 3, 3, 3, 8, 1, 0, 0),
(15, 3, 4, 3, 16, 1, 0, 0),
(16, 4, 0, 3, 1, 1, 0, 0),
(17, 4, 1, 3, 2, 1, 0, 0),
(18, 4, 2, 3, 4, 1, 0, 0),
(19, 4, 3, 3, 8, 1, 0, 0),
(20, 4, 4, 3, 16, 1, 0, 0),
(21, 5, 0, 4, 1, 1, 0, 0),
(22, 5, 1, 4, 2, 1, 0, 0),
(23, 5, 2, 4, 4, 1, 0, 0),
(24, 5, 3, 4, 8, 1, 0, 0),
(25, 5, 4, 4, 16, 1, 0, 0),
(26, 6, 0, 4, 1, 1, 0, 0),
(27, 6, 1, 4, 2, 1, 0, 0),
(28, 6, 2, 4, 4, 1, 0, 0),
(29, 6, 3, 4, 8, 1, 0, 0),
(30, 6, 4, 4, 16, 1, 0, 0),
(31, 7, 0, 5, 1, 1, 0, 0),
(32, 7, 1, 5, 2, 1, 0, 0),
(33, 7, 2, 5, 4, 1, 0, 0),
(34, 7, 3, 5, 8, 1, 0, 0),
(35, 7, 4, 5, 16, 1, 0, 0),
(36, 8, 0, 5, 1, 1, 0, 0),
(37, 8, 1, 5, 2, 1, 0, 0),
(38, 8, 2, 5, 4, 1, 0, 0),
(39, 8, 3, 5, 8, 1, 0, 0),
(40, 8, 4, 5, 16, 1, 0, 0),
(41, 9, 0, 6, 1, 1, 0, 0),
(42, 9, 1, 6, 2, 1, 0, 0),
(43, 9, 2, 6, 4, 1, 0, 0),
(44, 9, 3, 6, 8, 1, 0, 0),
(45, 9, 4, 6, 16, 1, 0, 0),
(46, 10, 0, 6, 1, 1, 0, 0),
(47, 10, 1, 6, 2, 1, 0, 0),
(48, 10, 2, 6, 4, 1, 0, 0),
(49, 10, 3, 6, 8, 1, 0, 0),
(50, 10, 4, 6, 16, 1, 0, 0),
(51, 11, 0, 7, 1, 1, 0, 0),
(52, 11, 1, 7, 2, 1, 0, 0),
(53, 11, 2, 7, 4, 1, 0, 0),
(54, 11, 3, 7, 8, 1, 0, 0),
(55, 11, 4, 7, 16, 1, 0, 0),
(56, 12, 0, 7, 1, 1, 0, 0),
(57, 12, 1, 7, 2, 1, 0, 0),
(58, 12, 2, 7, 4, 1, 0, 0),
(59, 12, 3, 7, 8, 1, 0, 0),
(60, 12, 4, 7, 16, 1, 0, 0),
(61, 13, 0, 8, 1, 1, 0, 0),
(62, 13, 1, 8, 2, 1, 0, 0),
(63, 13, 2, 8, 4, 1, 0, 0),
(64, 13, 3, 8, 8, 1, 0, 0),
(65, 13, 4, 8, 16, 1, 0, 0),
(66, 14, 0, 8, 1, 1, 0, 0),
(67, 14, 1, 8, 2, 1, 0, 0),
(68, 14, 2, 8, 4, 1, 0, 0),
(69, 14, 3, 8, 8, 1, 0, 0),
(70, 14, 4, 8, 16, 1, 0, 0),
(71, 15, 0, 9, 1, 1, 0, 0),
(72, 15, 1, 9, 2, 1, 0, 0),
(73, 15, 2, 9, 4, 1, 0, 0),
(74, 15, 3, 9, 8, 1, 0, 0),
(75, 15, 4, 9, 16, 1, 0, 0),
(81, 17, 0, 10, 1, 1, 0, 0),
(82, 17, 1, 10, 2, 1, 0, 0),
(83, 17, 2, 10, 4, 1, 0, 0),
(84, 17, 3, 10, 8, 1, 0, 0),
(85, 17, 4, 10, 16, 1, 0, 0),
(86, 18, 0, 10, 1, 1, 0, 0),
(87, 18, 1, 10, 2, 1, 0, 0),
(88, 18, 2, 10, 4, 1, 0, 0),
(89, 18, 3, 10, 8, 1, 0, 0),
(90, 18, 4, 10, 16, 1, 0, 0),
(91, 19, 0, 11, 1, 1, 0, 0),
(92, 19, 1, 11, 2, 1, 0, 0),
(93, 19, 2, 11, 4, 1, 0, 0),
(94, 19, 3, 11, 8, 1, 0, 0),
(95, 19, 4, 11, 16, 1, 0, 0),
(96, 20, 0, 11, 1, 1, 0, 0),
(97, 20, 1, 11, 2, 1, 0, 0),
(98, 20, 2, 11, 4, 1, 0, 0),
(99, 20, 3, 11, 8, 1, 0, 0),
(100, 20, 4, 11, 16, 1, 0, 0),
(776, 24, 0, 2, 1, 1, 0, 0),
(777, 24, 1, 2, 2, 1, 0, 0),
(778, 24, 2, 2, 4, 1, 0, 0),
(779, 24, 3, 2, 8, 1, 0, 0),
(780, 24, 4, 2, 16, 1, 0, 0),
(781, 24, 5, 3, 1, 1, 0, 0),
(782, 24, 6, 3, 2, 0, 0, 0),
(783, 24, 7, 3, 4, 0, 0, 0),
(784, 24, 8, 3, 8, 0, 0, 0),
(785, 24, 9, 4, 1, 1, 0, 0),
(786, 24, 10, 4, 2, 0, 0, 0),
(787, 24, 11, 4, 4, 0, 0, 0),
(788, 24, 12, 4, 8, 0, 0, 0),
(789, 24, 13, 5, 1, 1, 0, 0),
(790, 24, 14, 5, 2, 0, 0, 0),
(791, 24, 15, 5, 4, 0, 0, 0),
(792, 24, 16, 5, 8, 0, 0, 0),
(793, 24, 17, 6, 1, 1, 0, 0),
(794, 24, 18, 6, 2, 0, 0, 0),
(795, 24, 19, 6, 4, 0, 0, 0),
(796, 24, 20, 6, 8, 0, 0, 0),
(797, 24, 21, 7, 1, 1, 0, 0),
(798, 24, 22, 7, 2, 0, 0, 0),
(799, 24, 23, 7, 4, 0, 0, 0),
(800, 24, 24, 7, 8, 0, 0, 0),
(801, 24, 25, 8, 1, 1, 0, 0),
(802, 24, 26, 8, 2, 0, 0, 0),
(803, 24, 27, 8, 4, 0, 0, 0),
(804, 24, 28, 8, 8, 0, 0, 0),
(992, 28, 0, 9, 1, 1, 0, 0),
(993, 28, 1, 9, 2, 1, 0, 0),
(994, 28, 2, 9, 4, 1, 0, 0),
(995, 28, 3, 9, 8, 1, 0, 0),
(996, 28, 4, 9, 16, 1, 0, 0),
(997, 28, 5, 10, 1, 1, 0, 0),
(998, 28, 6, 10, 2, 0, 0, 0),
(999, 28, 7, 10, 4, 0, 0, 0),
(1000, 28, 8, 10, 8, 0, 0, 0),
(1001, 28, 9, 11, 1, 1, 0, 0),
(1002, 28, 10, 11, 2, 0, 0, 0),
(1003, 28, 11, 11, 4, 0, 0, 0),
(1004, 28, 12, 11, 8, 0, 0, 0),
(1070, 29, 0, 9, 1, 1, 0, 0),
(1071, 29, 1, 9, 2, 1, 0, 0),
(1072, 29, 2, 9, 4, 1, 0, 0),
(1073, 29, 3, 9, 8, 1, 0, 0),
(1074, 29, 4, 9, 16, 1, 0, 0),
(1075, 29, 5, 10, 1, 1, 0, 0),
(1076, 29, 6, 10, 2, 1, 0, 0),
(1077, 29, 7, 10, 4, 0, 0, 0),
(1078, 29, 8, 10, 8, 0, 0, 0),
(1079, 29, 9, 11, 1, 1, 0, 0),
(1080, 29, 10, 11, 2, 0, 0, 0),
(1081, 29, 11, 11, 4, 0, 0, 0),
(1082, 29, 12, 11, 8, 0, 0, 0),
(1096, 30, 0, 9, 1, 1, 0, 0),
(1097, 30, 1, 9, 2, 1, 0, 0),
(1098, 30, 2, 9, 4, 1, 0, 0),
(1099, 30, 3, 9, 8, 1, 0, 0),
(1100, 30, 4, 9, 16, 1, 0, 0),
(1101, 30, 5, 10, 1, 1, 0, 0),
(1102, 30, 6, 10, 2, 0, 0, 0),
(1103, 30, 7, 10, 4, 0, 0, 0),
(1104, 30, 8, 10, 8, 0, 0, 0),
(1105, 30, 9, 11, 1, 1, 0, 0),
(1106, 30, 10, 11, 2, 1, 0, 0),
(1107, 30, 11, 11, 4, 0, 0, 0),
(1108, 30, 12, 11, 8, 0, 0, 0),
(1254, 21, 0, 2, 1, 1, 0, 0),
(1255, 21, 1, 2, 2, 1, 0, 0),
(1256, 21, 2, 2, 4, 1, 0, 0),
(1257, 21, 3, 2, 8, 1, 0, 0),
(1258, 21, 4, 2, 16, 1, 0, 0),
(1259, 21, 5, 3, 1, 1, 0, 0),
(1260, 21, 6, 3, 2, 1, 0, 0),
(1261, 21, 7, 3, 4, 0, 0, 0),
(1262, 21, 8, 3, 8, 0, 0, 0),
(1263, 21, 9, 4, 1, 1, 0, 0),
(1264, 21, 10, 4, 2, 0, 0, 0),
(1265, 21, 11, 4, 4, 0, 0, 0),
(1266, 21, 12, 4, 8, 0, 0, 0),
(1267, 21, 13, 5, 1, 1, 0, 0),
(1268, 21, 14, 5, 2, 0, 0, 0),
(1269, 21, 15, 5, 4, 0, 0, 0),
(1270, 21, 16, 5, 8, 0, 0, 0),
(1271, 21, 17, 6, 1, 1, 0, 0),
(1272, 21, 18, 6, 2, 0, 0, 0),
(1273, 21, 19, 6, 4, 0, 0, 0),
(1274, 21, 20, 6, 8, 0, 0, 0),
(1275, 21, 21, 7, 1, 1, 0, 0),
(1276, 21, 22, 7, 2, 0, 0, 0),
(1277, 21, 23, 7, 4, 0, 0, 0),
(1278, 21, 24, 7, 8, 0, 0, 0),
(1279, 21, 25, 8, 1, 1, 0, 0),
(1280, 21, 26, 8, 2, 0, 0, 0),
(1281, 21, 27, 8, 4, 0, 0, 0),
(1282, 21, 28, 8, 8, 0, 0, 0),
(1428, 22, 0, 2, 1, 1, 0, 0),
(1429, 22, 1, 2, 2, 1, 0, 0),
(1430, 22, 2, 2, 4, 1, 0, 0),
(1431, 22, 3, 2, 8, 1, 0, 0),
(1432, 22, 4, 2, 16, 1, 0, 0),
(1433, 22, 5, 3, 1, 1, 0, 0),
(1434, 22, 6, 3, 2, 0, 0, 0),
(1435, 22, 7, 3, 4, 0, 0, 0),
(1436, 22, 8, 3, 8, 0, 0, 0),
(1437, 22, 9, 4, 1, 1, 0, 0),
(1438, 22, 10, 4, 2, 1, 0, 0),
(1439, 22, 11, 4, 4, 0, 0, 0),
(1440, 22, 12, 4, 8, 0, 0, 0),
(1441, 22, 13, 5, 1, 1, 0, 0),
(1442, 22, 14, 5, 2, 0, 0, 0),
(1443, 22, 15, 5, 4, 0, 0, 0),
(1444, 22, 16, 5, 8, 0, 0, 0),
(1445, 22, 17, 6, 1, 1, 0, 0),
(1446, 22, 18, 6, 2, 0, 0, 0),
(1447, 22, 19, 6, 4, 0, 0, 0),
(1448, 22, 20, 6, 8, 0, 0, 0),
(1449, 22, 21, 7, 1, 1, 0, 0),
(1450, 22, 22, 7, 2, 0, 0, 0),
(1451, 22, 23, 7, 4, 0, 0, 0),
(1452, 22, 24, 7, 8, 0, 0, 0),
(1453, 22, 25, 8, 1, 1, 0, 0),
(1454, 22, 26, 8, 2, 0, 0, 0),
(1455, 22, 27, 8, 4, 0, 0, 0),
(1456, 22, 28, 8, 8, 0, 0, 0),
(1602, 23, 0, 2, 1, 1, 0, 0),
(1603, 23, 1, 2, 2, 1, 0, 0),
(1604, 23, 2, 2, 4, 1, 0, 0),
(1605, 23, 3, 2, 8, 1, 0, 0),
(1606, 23, 4, 2, 16, 1, 0, 0),
(1607, 23, 5, 3, 1, 1, 0, 0),
(1608, 23, 6, 3, 2, 0, 0, 0),
(1609, 23, 7, 3, 4, 0, 0, 0),
(1610, 23, 8, 3, 8, 0, 0, 0),
(1611, 23, 9, 4, 1, 1, 0, 0),
(1612, 23, 10, 4, 2, 0, 0, 0),
(1613, 23, 11, 4, 4, 0, 0, 0),
(1614, 23, 12, 4, 8, 0, 0, 0),
(1615, 23, 13, 5, 1, 1, 0, 0),
(1616, 23, 14, 5, 2, 1, 0, 0),
(1617, 23, 15, 5, 4, 0, 0, 0),
(1618, 23, 16, 5, 8, 0, 0, 0),
(1619, 23, 17, 6, 1, 1, 0, 0),
(1620, 23, 18, 6, 2, 0, 0, 0),
(1621, 23, 19, 6, 4, 0, 0, 0),
(1622, 23, 20, 6, 8, 0, 0, 0),
(1623, 23, 21, 7, 1, 1, 0, 0),
(1624, 23, 22, 7, 2, 0, 0, 0),
(1625, 23, 23, 7, 4, 0, 0, 0),
(1626, 23, 24, 7, 8, 0, 0, 0),
(1627, 23, 25, 8, 1, 1, 0, 0),
(1628, 23, 26, 8, 2, 0, 0, 0),
(1629, 23, 27, 8, 4, 0, 0, 0),
(1630, 23, 28, 8, 8, 0, 0, 0),
(1776, 25, 0, 2, 1, 1, 0, 0),
(1777, 25, 1, 2, 2, 1, 0, 0),
(1778, 25, 2, 2, 4, 1, 0, 0),
(1779, 25, 3, 2, 8, 1, 0, 0),
(1780, 25, 4, 2, 16, 1, 0, 0),
(1781, 25, 5, 3, 1, 1, 0, 0),
(1782, 25, 6, 3, 2, 0, 0, 0),
(1783, 25, 7, 3, 4, 0, 0, 0),
(1784, 25, 8, 3, 8, 0, 0, 0),
(1785, 25, 9, 4, 1, 1, 0, 0),
(1786, 25, 10, 4, 2, 0, 0, 0),
(1787, 25, 11, 4, 4, 0, 0, 0),
(1788, 25, 12, 4, 8, 0, 0, 0),
(1789, 25, 13, 5, 1, 1, 0, 0),
(1790, 25, 14, 5, 2, 0, 0, 0),
(1791, 25, 15, 5, 4, 0, 0, 0),
(1792, 25, 16, 5, 8, 0, 0, 0),
(1793, 25, 17, 6, 1, 1, 0, 0),
(1794, 25, 18, 6, 2, 1, 0, 0),
(1795, 25, 19, 6, 4, 0, 0, 0),
(1796, 25, 20, 6, 8, 0, 0, 0),
(1797, 25, 21, 7, 1, 1, 0, 0),
(1798, 25, 22, 7, 2, 0, 0, 0),
(1799, 25, 23, 7, 4, 0, 0, 0),
(1800, 25, 24, 7, 8, 0, 0, 0),
(1801, 25, 25, 8, 1, 1, 0, 0),
(1802, 25, 26, 8, 2, 0, 0, 0),
(1803, 25, 27, 8, 4, 0, 0, 0),
(1804, 25, 28, 8, 8, 0, 0, 0),
(1950, 26, 0, 2, 1, 1, 0, 0),
(1951, 26, 1, 2, 2, 1, 0, 0),
(1952, 26, 2, 2, 4, 1, 0, 0),
(1953, 26, 3, 2, 8, 1, 0, 0),
(1954, 26, 4, 2, 16, 1, 0, 0),
(1955, 26, 5, 3, 1, 1, 0, 0),
(1956, 26, 6, 3, 2, 0, 0, 0),
(1957, 26, 7, 3, 4, 0, 0, 0),
(1958, 26, 8, 3, 8, 0, 0, 0),
(1959, 26, 9, 4, 1, 1, 0, 0),
(1960, 26, 10, 4, 2, 0, 0, 0),
(1961, 26, 11, 4, 4, 0, 0, 0),
(1962, 26, 12, 4, 8, 0, 0, 0),
(1963, 26, 13, 5, 1, 1, 0, 0),
(1964, 26, 14, 5, 2, 0, 0, 0),
(1965, 26, 15, 5, 4, 0, 0, 0),
(1966, 26, 16, 5, 8, 0, 0, 0),
(1967, 26, 17, 6, 1, 1, 0, 0),
(1968, 26, 18, 6, 2, 0, 0, 0),
(1969, 26, 19, 6, 4, 0, 0, 0),
(1970, 26, 20, 6, 8, 0, 0, 0),
(1971, 26, 21, 7, 1, 1, 0, 0),
(1972, 26, 22, 7, 2, 1, 0, 0),
(1973, 26, 23, 7, 4, 0, 0, 0),
(1974, 26, 24, 7, 8, 0, 0, 0),
(1975, 26, 25, 8, 1, 1, 0, 0),
(1976, 26, 26, 8, 2, 0, 0, 0),
(1977, 26, 27, 8, 4, 0, 0, 0),
(1978, 26, 28, 8, 8, 0, 0, 0),
(2124, 27, 0, 2, 1, 1, 0, 0),
(2125, 27, 1, 2, 2, 1, 0, 0),
(2126, 27, 2, 2, 4, 1, 0, 0),
(2127, 27, 3, 2, 8, 1, 0, 0),
(2128, 27, 4, 2, 16, 1, 0, 0),
(2129, 27, 5, 3, 1, 1, 0, 0),
(2130, 27, 6, 3, 2, 0, 0, 0),
(2131, 27, 7, 3, 4, 0, 0, 0),
(2132, 27, 8, 3, 8, 0, 0, 0),
(2133, 27, 9, 4, 1, 1, 0, 0),
(2134, 27, 10, 4, 2, 0, 0, 0),
(2135, 27, 11, 4, 4, 0, 0, 0),
(2136, 27, 12, 4, 8, 0, 0, 0),
(2137, 27, 13, 5, 1, 1, 0, 0),
(2138, 27, 14, 5, 2, 0, 0, 0),
(2139, 27, 15, 5, 4, 0, 0, 0),
(2140, 27, 16, 5, 8, 0, 0, 0),
(2141, 27, 17, 6, 1, 1, 0, 0),
(2142, 27, 18, 6, 2, 0, 0, 0),
(2143, 27, 19, 6, 4, 0, 0, 0),
(2144, 27, 20, 6, 8, 0, 0, 0),
(2145, 27, 21, 7, 1, 1, 0, 0),
(2146, 27, 22, 7, 2, 0, 0, 0),
(2147, 27, 23, 7, 4, 0, 0, 0),
(2148, 27, 24, 7, 8, 0, 0, 0),
(2149, 27, 25, 8, 1, 1, 0, 0),
(2150, 27, 26, 8, 2, 1, 0, 0),
(2151, 27, 27, 8, 4, 0, 0, 0),
(2152, 27, 28, 8, 8, 0, 0, 0),
(2182, 31, 0, 2, 1, 1, 0, 0),
(2183, 31, 1, 2, 2, 1, 0, 0),
(2184, 31, 2, 2, 4, 1, 0, 0),
(2185, 31, 3, 2, 8, 1, 0, 0),
(2186, 31, 4, 2, 16, 1, 0, 0),
(2187, 31, 5, 3, 1, 1, 0, 0),
(2188, 31, 6, 3, 2, 0, 0, 0),
(2189, 31, 7, 3, 4, 0, 0, 0),
(2190, 31, 8, 3, 8, 0, 0, 0),
(2191, 31, 9, 4, 1, 1, 0, 0),
(2192, 31, 10, 4, 2, 0, 0, 0),
(2193, 31, 11, 4, 4, 0, 0, 0),
(2194, 31, 12, 4, 8, 0, 0, 0),
(2195, 31, 13, 5, 1, 1, 0, 0),
(2196, 31, 14, 5, 2, 0, 0, 0),
(2197, 31, 15, 5, 4, 0, 0, 0),
(2198, 31, 16, 5, 8, 0, 0, 0),
(2199, 31, 17, 6, 1, 1, 0, 0),
(2200, 31, 18, 6, 2, 0, 0, 0),
(2201, 31, 19, 6, 4, 0, 0, 0),
(2202, 31, 20, 6, 8, 0, 0, 0),
(2203, 31, 21, 7, 1, 1, 0, 0),
(2204, 31, 22, 7, 2, 0, 0, 0),
(2205, 31, 23, 7, 4, 0, 0, 0),
(2206, 31, 24, 7, 8, 0, 0, 0),
(2207, 31, 25, 8, 1, 1, 0, 0),
(2208, 31, 26, 8, 2, 0, 0, 0),
(2209, 31, 27, 8, 4, 0, 0, 0),
(2210, 31, 28, 8, 8, 0, 0, 0),
(2240, 32, 0, 2, 1, 1, 0, 0),
(2241, 32, 1, 2, 2, 1, 0, 0),
(2242, 32, 2, 2, 4, 1, 0, 0),
(2243, 32, 3, 2, 8, 1, 0, 0),
(2244, 32, 4, 2, 16, 1, 0, 0),
(2245, 32, 5, 3, 1, 1, 0, 0),
(2246, 32, 6, 3, 2, 0, 0, 0),
(2247, 32, 7, 3, 4, 0, 0, 0),
(2248, 32, 8, 3, 8, 0, 0, 0),
(2249, 32, 9, 4, 1, 1, 0, 0),
(2250, 32, 10, 4, 2, 0, 0, 0),
(2251, 32, 11, 4, 4, 0, 0, 0),
(2252, 32, 12, 4, 8, 0, 0, 0),
(2253, 32, 13, 5, 1, 1, 0, 0),
(2254, 32, 14, 5, 2, 0, 0, 0),
(2255, 32, 15, 5, 4, 0, 0, 0),
(2256, 32, 16, 5, 8, 0, 0, 0),
(2257, 32, 17, 6, 1, 1, 0, 0),
(2258, 32, 18, 6, 2, 0, 0, 0),
(2259, 32, 19, 6, 4, 0, 0, 0),
(2260, 32, 20, 6, 8, 0, 0, 0),
(2261, 32, 21, 7, 1, 1, 0, 0),
(2262, 32, 22, 7, 2, 0, 0, 0),
(2263, 32, 23, 7, 4, 0, 0, 0),
(2264, 32, 24, 7, 8, 0, 0, 0),
(2265, 32, 25, 8, 1, 1, 0, 0),
(2266, 32, 26, 8, 2, 0, 0, 0),
(2267, 32, 27, 8, 4, 0, 0, 0),
(2268, 32, 28, 8, 8, 0, 0, 0),
(2282, 33, 0, 9, 1, 1, 0, 0),
(2283, 33, 1, 9, 2, 1, 0, 0),
(2284, 33, 2, 9, 4, 1, 0, 0),
(2285, 33, 3, 9, 8, 1, 0, 0),
(2286, 33, 4, 9, 16, 1, 0, 0),
(2287, 33, 5, 10, 1, 1, 0, 0),
(2288, 33, 6, 10, 2, 0, 0, 0),
(2289, 33, 7, 10, 4, 0, 0, 0),
(2290, 33, 8, 10, 8, 0, 0, 0),
(2291, 33, 9, 11, 1, 1, 0, 0),
(2292, 33, 10, 11, 2, 0, 0, 0),
(2293, 33, 11, 11, 4, 0, 0, 0),
(2294, 33, 12, 11, 8, 0, 0, 0),
(2334, 16, 0, 9, 1, 1, 0, 0),
(2335, 16, 1, 9, 2, 1, 0, 0),
(2336, 16, 2, 9, 4, 1, 0, 0),
(2337, 16, 3, 9, 8, 1, 0, 0),
(2338, 16, 4, 9, 16, 1, 0, 0),
(2339, 16, 5, 10, 1, 1, 0, 0),
(2340, 16, 6, 10, 2, 1, 0, 0),
(2341, 16, 7, 10, 4, 1, 0, 0),
(2342, 16, 8, 10, 8, 0, 0, 0),
(2343, 16, 9, 11, 1, 1, 0, 0),
(2344, 16, 10, 11, 2, 1, 0, 0),
(2345, 16, 11, 11, 4, 1, 0, 0),
(2346, 16, 12, 11, 8, 0, 0, 0),
(2492, 2, 0, 2, 1, 1, 0, 0),
(2493, 2, 1, 2, 2, 1, 0, 0),
(2494, 2, 2, 2, 4, 1, 0, 0),
(2495, 2, 3, 2, 8, 1, 0, 0),
(2496, 2, 4, 2, 16, 1, 0, 0),
(2497, 2, 5, 3, 1, 1, 0, 0),
(2498, 2, 6, 3, 2, 1, 0, 0),
(2499, 2, 7, 3, 4, 1, 0, 0),
(2500, 2, 8, 3, 8, 0, 0, 0),
(2501, 2, 9, 4, 1, 1, 0, 0),
(2502, 2, 10, 4, 2, 1, 0, 0),
(2503, 2, 11, 4, 4, 1, 0, 0),
(2504, 2, 12, 4, 8, 0, 0, 0),
(2505, 2, 13, 5, 1, 1, 0, 0),
(2506, 2, 14, 5, 2, 1, 0, 0),
(2507, 2, 15, 5, 4, 1, 0, 0),
(2508, 2, 16, 5, 8, 0, 0, 0),
(2509, 2, 17, 6, 1, 1, 0, 0),
(2510, 2, 18, 6, 2, 1, 0, 0),
(2511, 2, 19, 6, 4, 1, 0, 0),
(2512, 2, 20, 6, 8, 0, 0, 0),
(2513, 2, 21, 7, 1, 1, 0, 0),
(2514, 2, 22, 7, 2, 1, 0, 0),
(2515, 2, 23, 7, 4, 1, 0, 0),
(2516, 2, 24, 7, 8, 0, 0, 0),
(2517, 2, 25, 8, 1, 1, 0, 0),
(2518, 2, 26, 8, 2, 1, 0, 0),
(2519, 2, 27, 8, 4, 1, 0, 0),
(2520, 2, 28, 8, 8, 0, 0, 0),
(2753, 36, 0, 2, 1, 1, 0, 0),
(2754, 36, 1, 2, 2, 1, 0, 0),
(2755, 36, 2, 2, 4, 1, 0, 0),
(2756, 36, 3, 2, 8, 1, 0, 0),
(2757, 36, 4, 2, 16, 1, 0, 0),
(2758, 36, 5, 3, 1, 1, 0, 0),
(2759, 36, 6, 3, 2, 0, 0, 0),
(2760, 36, 7, 3, 4, 0, 0, 0),
(2761, 36, 8, 3, 8, 1, 0, 0),
(2762, 36, 9, 4, 1, 0, 0, 0),
(2763, 36, 10, 4, 2, 0, 0, 0),
(2764, 36, 11, 4, 4, 0, 0, 0),
(2765, 36, 12, 4, 8, 0, 0, 0),
(2766, 36, 13, 5, 1, 0, 0, 0),
(2767, 36, 14, 5, 2, 0, 0, 0),
(2768, 36, 15, 5, 4, 0, 0, 0),
(2769, 36, 16, 5, 8, 0, 0, 0),
(2770, 36, 17, 6, 1, 0, 0, 0),
(2771, 36, 18, 6, 2, 0, 0, 0),
(2772, 36, 19, 6, 4, 0, 0, 0),
(2773, 36, 20, 6, 8, 0, 0, 0),
(2774, 36, 21, 7, 1, 0, 0, 0),
(2775, 36, 22, 7, 2, 0, 0, 0),
(2776, 36, 23, 7, 4, 0, 0, 0),
(2777, 36, 24, 7, 8, 0, 0, 0),
(2778, 36, 25, 8, 1, 0, 0, 0),
(2779, 36, 26, 8, 2, 0, 0, 0),
(2780, 36, 27, 8, 4, 0, 0, 0),
(2781, 36, 28, 8, 8, 0, 0, 0),
(2927, 38, 0, 2, 1, 1, 0, 0),
(2928, 38, 1, 2, 2, 1, 0, 0),
(2929, 38, 2, 2, 4, 1, 0, 0),
(2930, 38, 3, 2, 8, 1, 0, 0),
(2931, 38, 4, 2, 16, 1, 0, 0),
(2932, 38, 5, 3, 1, 0, 0, 0),
(2933, 38, 6, 3, 2, 0, 0, 0),
(2934, 38, 7, 3, 4, 0, 0, 0),
(2935, 38, 8, 3, 8, 0, 0, 0),
(2936, 38, 9, 4, 1, 0, 0, 0),
(2937, 38, 10, 4, 2, 0, 0, 0),
(2938, 38, 11, 4, 4, 0, 0, 0),
(2939, 38, 12, 4, 8, 0, 0, 0),
(2940, 38, 13, 5, 1, 1, 0, 0),
(2941, 38, 14, 5, 2, 0, 0, 0),
(2942, 38, 15, 5, 4, 0, 0, 0),
(2943, 38, 16, 5, 8, 1, 0, 0),
(2944, 38, 17, 6, 1, 0, 0, 0),
(2945, 38, 18, 6, 2, 0, 0, 0),
(2946, 38, 19, 6, 4, 0, 0, 0),
(2947, 38, 20, 6, 8, 0, 0, 0),
(2948, 38, 21, 7, 1, 0, 0, 0),
(2949, 38, 22, 7, 2, 0, 0, 0),
(2950, 38, 23, 7, 4, 0, 0, 0),
(2951, 38, 24, 7, 8, 0, 0, 0),
(2952, 38, 25, 8, 1, 0, 0, 0),
(2953, 38, 26, 8, 2, 0, 0, 0),
(2954, 38, 27, 8, 4, 0, 0, 0),
(2955, 38, 28, 8, 8, 0, 0, 0),
(3159, 39, 0, 2, 1, 1, 0, 0),
(3160, 39, 1, 2, 2, 0, 0, 0),
(3161, 39, 2, 2, 4, 1, 0, 0),
(3162, 39, 3, 2, 8, 1, 0, 0),
(3163, 39, 4, 2, 16, 1, 0, 0),
(3164, 39, 5, 3, 1, 1, 0, 0),
(3165, 39, 6, 3, 2, 0, 0, 0),
(3166, 39, 7, 3, 4, 0, 0, 0),
(3167, 39, 8, 3, 8, 0, 0, 0),
(3168, 39, 9, 4, 1, 1, 0, 0),
(3169, 39, 10, 4, 2, 0, 0, 0),
(3170, 39, 11, 4, 4, 0, 0, 0),
(3171, 39, 12, 4, 8, 0, 0, 0),
(3172, 39, 13, 5, 1, 1, 0, 0),
(3173, 39, 14, 5, 2, 0, 0, 0),
(3174, 39, 15, 5, 4, 0, 0, 0),
(3175, 39, 16, 5, 8, 0, 0, 0),
(3176, 39, 17, 6, 1, 1, 0, 0),
(3177, 39, 18, 6, 2, 0, 0, 0),
(3178, 39, 19, 6, 4, 0, 0, 0),
(3179, 39, 20, 6, 8, 0, 0, 0),
(3180, 39, 21, 7, 1, 1, 0, 0),
(3181, 39, 22, 7, 2, 0, 0, 0),
(3182, 39, 23, 7, 4, 0, 0, 0),
(3183, 39, 24, 7, 8, 0, 0, 0),
(3184, 39, 25, 8, 1, 1, 0, 0),
(3185, 39, 26, 8, 2, 0, 0, 0),
(3186, 39, 27, 8, 4, 0, 0, 0),
(3187, 39, 28, 8, 8, 0, 0, 0),
(3217, 34, 0, 2, 1, 1, 0, 0),
(3218, 34, 1, 2, 2, 0, 0, 0),
(3219, 34, 2, 2, 4, 1, 0, 0),
(3220, 34, 3, 2, 8, 1, 0, 0),
(3221, 34, 4, 2, 16, 1, 0, 0),
(3222, 34, 5, 3, 1, 1, 0, 0),
(3223, 34, 6, 3, 2, 0, 0, 0),
(3224, 34, 7, 3, 4, 0, 0, 0),
(3225, 34, 8, 3, 8, 0, 0, 0),
(3226, 34, 9, 4, 1, 1, 0, 0),
(3227, 34, 10, 4, 2, 0, 0, 0),
(3228, 34, 11, 4, 4, 0, 0, 0),
(3229, 34, 12, 4, 8, 0, 0, 0),
(3230, 34, 13, 5, 1, 1, 0, 0),
(3231, 34, 14, 5, 2, 0, 0, 0),
(3232, 34, 15, 5, 4, 0, 0, 0),
(3233, 34, 16, 5, 8, 0, 0, 0),
(3234, 34, 17, 6, 1, 1, 0, 0),
(3235, 34, 18, 6, 2, 0, 0, 0),
(3236, 34, 19, 6, 4, 0, 0, 0),
(3237, 34, 20, 6, 8, 0, 0, 0),
(3238, 34, 21, 7, 1, 1, 0, 0),
(3239, 34, 22, 7, 2, 0, 0, 0),
(3240, 34, 23, 7, 4, 0, 0, 0),
(3241, 34, 24, 7, 8, 0, 0, 0),
(3242, 34, 25, 8, 1, 1, 0, 0),
(3243, 34, 26, 8, 2, 0, 0, 0),
(3244, 34, 27, 8, 4, 0, 0, 0),
(3245, 34, 28, 8, 8, 0, 0, 0);

